nomeSistema,class,jdeodorant,pmd,jspirit
checkstyle,com.puppycrawl.tools.checkstyle.TreeWalker,1,1,0
checkstyle,com.puppycrawl.tools.checkstyle.checks.coding.HiddenFieldCheck,1,1,1
checkstyle,com.puppycrawl.tools.checkstyle.checks.javadoc.JavadocMethodCheck,1,1,1
checkstyle,com.puppycrawl.tools.checkstyle.checks.javadoc.JavadocStyleCheck,1,1,1
checkstyle,com.puppycrawl.tools.checkstyle.checks.imports.ImportOrderCheck,1,0,1
checkstyle,com.puppycrawl.tools.checkstyle.CheckStyleTask,1,1,0
checkstyle,com.puppycrawl.tools.checkstyle.Checker,0,1,1
checkstyle,com.puppycrawl.tools.checkstyle.api.ScopeUtils,0,1,1
checkstyle,com.puppycrawl.tools.checkstyle.checks.AbstractTypeAwareCheck,0,1,1
checkstyle,com.puppycrawl.tools.checkstyle.checks.annotation.AnnotationUseStyleCheck,0,1,1
checkstyle,com.puppycrawl.tools.checkstyle.checks.blocks.LeftCurlyCheck,0,1,1
checkstyle,com.puppycrawl.tools.checkstyle.checks.coding.FinalLocalVariableCheck,0,1,1
checkstyle,com.puppycrawl.tools.checkstyle.checks.coding.ParameterAssignmentCheck,0,1,1
checkstyle,com.puppycrawl.tools.checkstyle.checks.indentation.ExpressionHandler,0,1,1
corenlp,edu.stanford.nlp.parser.lexparser.GrammarCompactionTester,1,1,1
corenlp,edu.stanford.nlp.ie.NERGUI,1,1,1
corenlp,edu.stanford.nlp.trees.tregex.gui.InputPanel,1,1,1
corenlp,edu.stanford.nlp.international.arabic.process.ArabicSegmenter,1,1,1
corenlp,edu.stanford.nlp.pipeline.NERCombinerAnnotator,1,1,1
corenlp,edu.stanford.nlp.patterns.dep.ExtractPhraseFromPattern,1,1,1
corenlp,edu.stanford.nlp.util.logging.OutputHandler,1,1,1
corenlp,edu.stanford.nlp.classify.PRCurve,1,1,1
corenlp,edu.stanford.nlp.coref.md.DependencyCorefMentionFinder,1,1,1
corenlp,edu.stanford.nlp.ie.util.RelationTriple,1,1,1
corenlp,edu.stanford.nlp.ling.tokensregex.SequenceMatcher.BranchStates,1,0,1
corenlp,edu.stanford.nlp.parser.lexparser.ExhaustivePCFGParser,1,1,1
corenlp,edu.stanford.nlp.pipeline.StanfordCoreNLPClient,1,1,1
corenlp,edu.stanford.nlp.semgraph.semgrex.ssurgeon.Ssurgeon,1,0,1
corenlp,edu.stanford.nlp.ie.machinereading.domains.ace.reader.AceDocument,1,1,1
corenlp,edu.stanford.nlp.ling.tokensregex.Env,1,1,1
corenlp,edu.stanford.nlp.naturalli.OpenIE,1,1,1
corenlp,edu.stanford.nlp.parser.lexparser.UnaryGrammar,1,1,1
corenlp,edu.stanford.nlp.parser.nndep.DependencyParser,1,1,1
corenlp,edu.stanford.nlp.pipeline.TokensRegexNERAnnotator,1,1,1
corenlp,edu.stanford.nlp.sentiment.AbstractEvaluate,1,1,0
corenlp,edu.stanford.nlp.classify.SVMLightClassifierFactory,1,1,1
corenlp,edu.stanford.nlp.coref.data.Document,1,1,1
corenlp,edu.stanford.nlp.coref.docreader.CoNLLDocumentReader.DocumentIterator,1,0,1
corenlp,edu.stanford.nlp.coref.md.CorefMentionFinder,1,1,1
corenlp,edu.stanford.nlp.coref.statistical.FeatureExtractor,1,1,1
corenlp,edu.stanford.nlp.dcoref.Mention,1,1,1
corenlp,edu.stanford.nlp.dcoref.RuleBasedCorefMentionFinder,1,1,1
corenlp,edu.stanford.nlp.ie.machinereading.MachineReading,1,1,1
corenlp,edu.stanford.nlp.ling.tokensregex.CoreMapExpressionExtractor,1,1,1
corenlp,edu.stanford.nlp.optimization.QNMinimizer,1,1,1
corenlp,edu.stanford.nlp.parser.eval.TreebankStats,1,1,0
corenlp,edu.stanford.nlp.parser.lexparser.EnglishUnknownWordModel,1,1,1
corenlp,edu.stanford.nlp.parser.lexparser.TreeBinarizer,1,1,1
corenlp,edu.stanford.nlp.parser.metrics.LeafAncestorEval,1,1,0
corenlp,edu.stanford.nlp.patterns.surface.Token,1,0,1
corenlp,edu.stanford.nlp.pipeline.CleanXmlAnnotator,1,1,1
corenlp,edu.stanford.nlp.pipeline.StanfordCoreNLPServer,1,1,1
corenlp,edu.stanford.nlp.process.Morpha,1,1,1
corenlp,edu.stanford.nlp.semgraph.semgrex.SemgrexPattern,1,1,1
corenlp,edu.stanford.nlp.trees.CollocationFinder,1,1,0
corenlp,edu.stanford.nlp.trees.ud.UniversalDependenciesFeatureAnnotator,1,1,1
corenlp,edu.stanford.nlp.wordseg.MaxMatchSegmenter,1,1,1
corenlp,edu.stanford.nlp.dcoref.MentionExtractor,1,1,1
corenlp,edu.stanford.nlp.ie.machinereading.BasicRelationExtractor,1,1,0
corenlp,edu.stanford.nlp.ie.regexp.RegexNERSequenceClassifier,1,1,1
corenlp,edu.stanford.nlp.patterns.ConstantsAndVariables,1,1,1
corenlp,edu.stanford.nlp.pipeline.ProtobufAnnotationSerializer,1,1,1
corenlp,edu.stanford.nlp.semgraph.SemanticGraph,1,1,1
corenlp,edu.stanford.nlp.trees.tregex.gui.TregexGUI,1,1,1
corenlp,edu.stanford.nlp.wordseg.Sighan2005DocumentReaderAndWriter,1,1,1
corenlp,edu.stanford.nlp.classify.ColumnDataClassifier,1,0,1
corenlp,edu.stanford.nlp.parser.ui.ParserPanel,1,1,1
corenlp,edu.stanford.nlp.parser.server.LexicalizedParserServer,1,0,1
corenlp,edu.stanford.nlp.ling.tokensregex.matcher.TrieMapMatcher,1,1,1
corenlp,edu.stanford.nlp.pipeline.ChineseSegmenterAnnotator,1,1,1
corenlp,edu.stanford.nlp.process.stattok.StatTokSent,1,1,1
corenlp,edu.stanford.nlp.pipeline.StanfordCoreNLP,1,1,1
corenlp,edu.stanford.nlp.ie.pascal.ISODateInstance,1,1,1
corenlp,edu.stanford.nlp.trees.GrammaticalStructure,1,1,1
corenlp,edu.stanford.nlp.ie.crf.CRFLogConditionalObjectiveFunctionWithDropout,1,1,0
corenlp,edu.stanford.nlp.naturalli.ClauseSplitterSearchProblem,1,1,1
corenlp,edu.stanford.nlp.pipeline.CoreNLPProtos.CorefChain.Builder,1,0,1
corenlp,edu.stanford.nlp.trees.international.pennchinese.ChineseEnglishWordMap,1,1,1
corenlp,edu.stanford.nlp.dcoref.SpeakerInfo,1,0,1
corenlp,edu.stanford.nlp.ie.machinereading.GenericDataSetReader,1,1,1
corenlp,edu.stanford.nlp.ling.IndexedWord,1,0,1
corenlp,edu.stanford.nlp.ling.tokensregex.MultiWordStringMatcher,1,1,1
corenlp,edu.stanford.nlp.ling.tokensregex.PhraseTable,1,1,1
corenlp,edu.stanford.nlp.naturalli.QuestionToStatementTranslator,1,1,1
corenlp,edu.stanford.nlp.parser.lexparser.BaseLexicon,1,1,1
corenlp,edu.stanford.nlp.parser.lexparser.MLEDependencyGrammar,1,1,1
corenlp,edu.stanford.nlp.parser.shiftreduce.ShiftReduceParser,1,1,1
corenlp,edu.stanford.nlp.process.PTBLexer,1,1,1
corenlp,edu.stanford.nlp.sequences.SequenceGibbsSampler,1,1,1
corenlp,edu.stanford.nlp.trees.international.spanish.SpanishXMLTreeReader,1,1,1
corenlp,edu.stanford.nlp.parser.lexparser.ArabicTreebankParserParams,1,1,1
corenlp,edu.stanford.nlp.semgraph.semgrex.NodePattern,1,1,1
corenlp,edu.stanford.nlp.trees.GrammaticalRelation,1,1,1
corenlp,edu.stanford.nlp.ling.tokensregex.TokenSequenceMatcherITest,0,1,1
corenlp,edu.stanford.nlp.naturalli.OperatorScopeITest,0,1,1
corenlp,edu.stanford.nlp.pipeline.ProtobufAnnotationSerializerSlowITest,0,1,1
corenlp,edu.stanford.nlp.pipeline.QuoteAnnotatorITest,0,1,1
corenlp,edu.stanford.nlp.time.SUTimeITest,0,1,1
corenlp,edu.stanford.nlp.classify.Dataset,0,1,1
corenlp,edu.stanford.nlp.classify.GeneralDataset,0,1,1
corenlp,edu.stanford.nlp.classify.LinearClassifier,0,1,1
corenlp,edu.stanford.nlp.classify.LinearClassifierFactory,0,1,1
corenlp,edu.stanford.nlp.classify.LogisticClassifier,0,1,1
corenlp,edu.stanford.nlp.classify.RVFDataset,0,1,1
corenlp,edu.stanford.nlp.coref.CorefProperties,0,1,1
corenlp,edu.stanford.nlp.coref.CorefRules,0,1,1
corenlp,edu.stanford.nlp.coref.CorefUtils,0,1,1
corenlp,edu.stanford.nlp.coref.data.Dictionaries,0,1,1
corenlp,edu.stanford.nlp.coref.data.DocumentPreprocessor,0,1,1
corenlp,edu.stanford.nlp.coref.docreader.CoNLLDocumentReader,0,1,1
corenlp,edu.stanford.nlp.coref.hybrid.HybridCorefPrinter,0,1,1
corenlp,edu.stanford.nlp.coref.hybrid.HybridCorefProperties,0,1,1
corenlp,edu.stanford.nlp.coref.hybrid.HybridCorefSystem,0,1,1
corenlp,edu.stanford.nlp.coref.hybrid.sieve.RFSieve,0,1,1
corenlp,edu.stanford.nlp.coref.hybrid.sieve.Sieve,0,1,1
corenlp,edu.stanford.nlp.coref.statistical.Clusterer,0,1,1
corenlp,edu.stanford.nlp.dcoref.CoNLL2011DocumentReader,0,1,1
corenlp,edu.stanford.nlp.dcoref.Rules,0,1,1
corenlp,edu.stanford.nlp.dcoref.SieveCoreferenceSystem,0,1,1
corenlp,edu.stanford.nlp.fsm.TransducerGraph,0,1,1
corenlp,edu.stanford.nlp.ie.AbstractSequenceClassifier,0,1,1
corenlp,edu.stanford.nlp.ie.ChineseQuantifiableEntityNormalizer,0,1,1
corenlp,edu.stanford.nlp.ie.ClassifierCombiner,0,1,1
corenlp,edu.stanford.nlp.ie.KBPBasicSpanishCorefSystem,0,1,1
corenlp,edu.stanford.nlp.ie.KBPStatisticalExtractor,0,1,1
corenlp,edu.stanford.nlp.ie.NERClassifierCombiner,0,1,1
corenlp,edu.stanford.nlp.ie.NERFeatureFactory,0,1,1
corenlp,edu.stanford.nlp.ie.NumberNormalizer,0,1,1
corenlp,edu.stanford.nlp.ie.QuantifiableEntityNormalizer,0,1,1
corenlp,edu.stanford.nlp.ie.crf.CRFClassifier,0,1,1
corenlp,edu.stanford.nlp.ie.crf.CRFClassifierNonlinear,0,1,1
corenlp,edu.stanford.nlp.ie.crf.CRFCliqueTree,0,1,1
corenlp,edu.stanford.nlp.ie.crf.CRFLogConditionalObjectiveFunction,0,1,1
corenlp,edu.stanford.nlp.ie.machinereading.BasicEntityExtractor,0,1,1
corenlp,edu.stanford.nlp.ie.machinereading.BasicRelationFeatureFactory,0,1,1
corenlp,edu.stanford.nlp.ie.machinereading.domains.ace.AceReader,0,1,1
corenlp,edu.stanford.nlp.ie.machinereading.domains.ace.reader.AceToken,0,1,1
corenlp,edu.stanford.nlp.ie.machinereading.domains.ace.reader.RobustTokenizer,0,1,1
corenlp,edu.stanford.nlp.ie.machinereading.structure.AnnotationUtils,0,1,1
corenlp,edu.stanford.nlp.ie.machinereading.structure.EntityMention,0,1,1
corenlp,edu.stanford.nlp.ie.machinereading.structure.EventMention,0,1,1
corenlp,edu.stanford.nlp.ie.machinereading.structure.ExtractionObject,0,1,1
corenlp,edu.stanford.nlp.ie.machinereading.structure.RelationMention,0,1,1
corenlp,edu.stanford.nlp.ie.machinereading.structure.Span,0,1,1
corenlp,edu.stanford.nlp.ie.ner.CMMClassifier,0,1,1
corenlp,edu.stanford.nlp.ie.regexp.NumberSequenceClassifier,0,1,1
corenlp,edu.stanford.nlp.international.arabic.ArabicMorphoFeatureSpecification,0,1,1
corenlp,edu.stanford.nlp.international.arabic.process.ArabicLexer,0,1,1
corenlp,edu.stanford.nlp.international.arabic.process.IOBUtils,0,1,1
corenlp,edu.stanford.nlp.international.french.FrenchMorphoFeatureSpecification,0,1,1
corenlp,edu.stanford.nlp.international.french.process.FrenchLexer,0,1,1
corenlp,edu.stanford.nlp.international.french.scripts.FrenchTreebankUDUpdater,0,1,1
corenlp,edu.stanford.nlp.international.french.scripts.SplitCanditoTrees,0,1,1
corenlp,edu.stanford.nlp.international.spanish.pipeline.AnCoraProcessor,0,1,1
corenlp,edu.stanford.nlp.international.spanish.process.SpanishLexer,0,1,1
corenlp,edu.stanford.nlp.international.spanish.process.SpanishTokenizer,0,1,1
corenlp,edu.stanford.nlp.io.IOUtils,0,1,1
corenlp,edu.stanford.nlp.ling.BasicDocument,0,1,1
corenlp,edu.stanford.nlp.ling.CoreLabel,0,1,1
corenlp,edu.stanford.nlp.ling.SentenceUtils,0,1,1
corenlp,edu.stanford.nlp.ling.tokensregex.BasicSequenceMatchResult,0,1,1
corenlp,edu.stanford.nlp.ling.tokensregex.MatchedExpression,0,1,1
corenlp,edu.stanford.nlp.ling.tokensregex.SequenceMatcher,0,1,1
corenlp,edu.stanford.nlp.ling.tokensregex.matcher.TrieMap,0,1,1
corenlp,edu.stanford.nlp.ling.tokensregex.parser.TokenSequenceParser,0,1,1
corenlp,edu.stanford.nlp.loglinear.inference.CliqueTree,0,1,1
corenlp,edu.stanford.nlp.loglinear.inference.TableFactor,0,1,1
corenlp,edu.stanford.nlp.math.ArrayMath,0,1,1
corenlp,edu.stanford.nlp.math.SloppyMath,0,1,1
corenlp,edu.stanford.nlp.naturalli.NaturalLogicAnnotator,0,1,1
corenlp,edu.stanford.nlp.naturalli.NaturalLogicWeights,0,1,1
corenlp,edu.stanford.nlp.naturalli.Polarity,0,1,1
corenlp,edu.stanford.nlp.naturalli.RelationTripleSegmenter,0,1,1
corenlp,edu.stanford.nlp.naturalli.Util,0,1,1
corenlp,edu.stanford.nlp.naturalli.demo.CORSFilter,0,1,1
corenlp,edu.stanford.nlp.neural.ConvertModels,0,1,1
corenlp,edu.stanford.nlp.neural.NeuralUtils,0,1,1
corenlp,edu.stanford.nlp.optimization.AbstractStochasticCachingDiffFunction,0,1,1
corenlp,edu.stanford.nlp.optimization.CGMinimizer,0,1,1
corenlp,edu.stanford.nlp.optimization.SGDMinimizer,0,1,1
corenlp,edu.stanford.nlp.optimization.SGDWithAdaGradAndFOBOS,0,1,1
corenlp,edu.stanford.nlp.optimization.ScaledSGDMinimizer,0,1,1
corenlp,edu.stanford.nlp.optimization.StochasticMinimizer,0,1,1
corenlp,edu.stanford.nlp.parser.lexparser.AbstractTreebankParserParams,0,1,1
corenlp,edu.stanford.nlp.parser.lexparser.BiLexPCFGParser,0,1,1
corenlp,edu.stanford.nlp.parser.lexparser.ChineseCharacterBasedLexicon,0,1,1
corenlp,edu.stanford.nlp.parser.lexparser.ChineseLexiconAndWordSegmenter,0,1,1
corenlp,edu.stanford.nlp.parser.lexparser.ChineseMaxentLexicon,0,1,1
corenlp,edu.stanford.nlp.parser.lexparser.ChineseSimWordAvgDepGrammar,0,1,1
corenlp,edu.stanford.nlp.parser.lexparser.ChineseTreebankParserParams,0,1,1
corenlp,edu.stanford.nlp.parser.lexparser.ChineseWordFeatureExtractor,0,1,1
corenlp,edu.stanford.nlp.parser.lexparser.EnglishTreebankParserParams,0,1,1
corenlp,edu.stanford.nlp.parser.lexparser.ExhaustiveDependencyParser,0,1,1
corenlp,edu.stanford.nlp.parser.lexparser.FactoredParser,0,1,1
corenlp,edu.stanford.nlp.parser.lexparser.FrenchTreebankParserParams,0,1,1
corenlp,edu.stanford.nlp.parser.lexparser.GrammarCompactor,0,1,1
corenlp,edu.stanford.nlp.parser.lexparser.IterativeCKYPCFGParser,0,1,1
corenlp,edu.stanford.nlp.parser.lexparser.LexicalizedParser,0,1,1
corenlp,edu.stanford.nlp.parser.lexparser.NegraPennTreebankParserParams,0,1,1
corenlp,edu.stanford.nlp.parser.lexparser.Options,0,1,1
corenlp,edu.stanford.nlp.parser.lexparser.ParentAnnotationStats,0,1,1
corenlp,edu.stanford.nlp.parser.lexparser.SplittingGrammarExtractor,0,1,1
corenlp,edu.stanford.nlp.parser.lexparser.TreeAnnotator,0,1,1
corenlp,edu.stanford.nlp.parser.lexparser.TueBaDZParserParams,0,1,1
corenlp,edu.stanford.nlp.parser.metrics.TaggingEval,0,1,1
corenlp,edu.stanford.nlp.parser.nndep.ArcStandard,0,1,1
corenlp,edu.stanford.nlp.parser.nndep.Classifier,0,1,1
corenlp,edu.stanford.nlp.parser.nndep.Configuration,0,1,1
corenlp,edu.stanford.nlp.parser.shiftreduce.ShiftReduceParserQuery,0,1,1
corenlp,edu.stanford.nlp.patterns.GetPatternsFromDataMultiClass,0,1,1
corenlp,edu.stanford.nlp.patterns.LuceneSentenceIndex,0,1,1
corenlp,edu.stanford.nlp.patterns.ScorePatternsRatioModifiedFreq,0,1,1
corenlp,edu.stanford.nlp.patterns.ScorePhrasesLearnFeatWt,0,1,1
corenlp,edu.stanford.nlp.patterns.surface.PatternsForEachTokenDB,0,1,1
corenlp,edu.stanford.nlp.patterns.surface.SurfacePattern,0,1,1
corenlp,edu.stanford.nlp.patterns.surface.SurfacePatternFactory,0,1,1
corenlp,edu.stanford.nlp.pipeline.AnnotatorImplementations,0,1,1
corenlp,edu.stanford.nlp.pipeline.ChunkAnnotationUtils,0,1,1
corenlp,edu.stanford.nlp.pipeline.CustomAnnotationSerializer,0,1,1
corenlp,edu.stanford.nlp.pipeline.EntityMentionsAnnotator,0,1,1
corenlp,edu.stanford.nlp.pipeline.JSONAnnotationReader,0,1,1
corenlp,edu.stanford.nlp.pipeline.KBPAnnotator,0,1,1
corenlp,edu.stanford.nlp.pipeline.LabeledChunkIdentifier,0,1,1
corenlp,edu.stanford.nlp.pipeline.ParserAnnotator,0,1,1
corenlp,edu.stanford.nlp.pipeline.QuoteAnnotator,0,1,1
corenlp,edu.stanford.nlp.pipeline.TextOutputter,0,1,1
corenlp,edu.stanford.nlp.pipeline.TokenizerAnnotator,0,1,1
corenlp,edu.stanford.nlp.pipeline.WikidictAnnotator,0,1,1
corenlp,edu.stanford.nlp.pipeline.XMLOutputter,0,1,1
corenlp,edu.stanford.nlp.process.ChineseDocumentToSentenceProcessor,0,1,1
corenlp,edu.stanford.nlp.process.JFlexDummyLexer,0,1,1
corenlp,edu.stanford.nlp.process.PTB2TextLexer,0,1,1
corenlp,edu.stanford.nlp.process.PTBTokenizer,0,1,1
corenlp,edu.stanford.nlp.process.TSVUtils,0,1,1
corenlp,edu.stanford.nlp.process.WhitespaceLexer,0,1,1
corenlp,edu.stanford.nlp.process.WordShapeClassifier,0,1,1
corenlp,edu.stanford.nlp.process.WordToSentenceProcessor,0,1,1
corenlp,edu.stanford.nlp.process.stattok.StatTokSentTrainer,0,1,1
corenlp,edu.stanford.nlp.quoteattribution.QuoteAttributionUtils,0,1,1
corenlp,edu.stanford.nlp.quoteattribution.Sieves.MSSieves.BaselineTopSpeakerSieve,0,1,1
corenlp,edu.stanford.nlp.quoteattribution.Sieves.QMSieves.VocativeSieve,0,1,1
corenlp,edu.stanford.nlp.quoteattribution.Sieves.training.SupervisedSieveTraining,0,1,1
corenlp,edu.stanford.nlp.scenegraph.SceneGraphEvaluation,0,1,1
corenlp,edu.stanford.nlp.scenegraph.SceneGraphSentenceMatcher,0,1,1
corenlp,edu.stanford.nlp.scenegraph.SemanticGraphEnhancer,0,1,1
corenlp,edu.stanford.nlp.semgraph.SemanticGraphFactory,0,1,1
corenlp,edu.stanford.nlp.semgraph.SemanticGraphUtils,0,1,1
corenlp,edu.stanford.nlp.semgraph.semgrex.SemgrexParserTokenManager,0,1,1
corenlp,edu.stanford.nlp.sentiment.ReadSentimentDataset,0,1,1
corenlp,edu.stanford.nlp.sentiment.SentimentPipeline,0,1,1
corenlp,edu.stanford.nlp.sequences.ExactBestSequenceFinder,0,1,1
corenlp,edu.stanford.nlp.sequences.PlainTextDocumentReaderAndWriter,0,1,1
corenlp,edu.stanford.nlp.sequences.SeqClassifierFlags,0,1,1
corenlp,edu.stanford.nlp.simple.Sentence,0,1,1
corenlp,edu.stanford.nlp.stats.ClassicCounter,0,1,1
corenlp,edu.stanford.nlp.stats.Counters,0,1,1
corenlp,edu.stanford.nlp.stats.EquivalenceClassEval,0,1,1
corenlp,edu.stanford.nlp.stats.GeneralizedCounter,0,1,1
corenlp,edu.stanford.nlp.stats.IntCounter,0,1,1
corenlp,edu.stanford.nlp.stats.MultiClassPrecisionRecallExtendedStats,0,1,1
corenlp,edu.stanford.nlp.stats.TwoDimensionalCounter,0,1,1
corenlp,edu.stanford.nlp.stats.TwoDimensionalIntCounter,0,1,1
corenlp,edu.stanford.nlp.tagger.maxent.ExtractorFramesRare,0,1,1
corenlp,edu.stanford.nlp.tagger.maxent.MaxentTagger,0,1,1
corenlp,edu.stanford.nlp.tagger.maxent.TaggerConfig,0,1,1
corenlp,edu.stanford.nlp.time.JodaTimeUtils,0,1,1
corenlp,edu.stanford.nlp.time.SUTimeMain,0,1,1
corenlp,edu.stanford.nlp.time.TimeExpressionExtractorImpl,0,1,1
corenlp,edu.stanford.nlp.time.Timex,0,1,1
corenlp,edu.stanford.nlp.time.XMLUtils,0,1,1
corenlp,edu.stanford.nlp.trees.AbstractCollinsHeadFinder,0,1,1
corenlp,edu.stanford.nlp.trees.CoordinationTransformer,0,1,1
corenlp,edu.stanford.nlp.trees.EnglishGrammaticalStructure,0,1,1
corenlp,edu.stanford.nlp.trees.GrammaticalStructureConversionUtils,0,1,1
corenlp,edu.stanford.nlp.trees.NPTmpRetainingTreeNormalizer,0,1,1
corenlp,edu.stanford.nlp.trees.SemanticHeadFinder,0,1,1
corenlp,edu.stanford.nlp.trees.Tree,0,1,1
corenlp,edu.stanford.nlp.trees.TreeGraphNode,0,1,1
corenlp,edu.stanford.nlp.trees.TreePrint,0,1,1
corenlp,edu.stanford.nlp.trees.Treebank,0,1,1
corenlp,edu.stanford.nlp.trees.Treebanks,0,1,1
corenlp,edu.stanford.nlp.trees.Trees,0,1,1
corenlp,edu.stanford.nlp.trees.UniversalEnglishGrammaticalStructure,0,1,1
corenlp,edu.stanford.nlp.trees.UniversalSemanticHeadFinder,0,1,1
corenlp,edu.stanford.nlp.trees.international.french.FrenchXMLTreeReader,0,1,1
corenlp,edu.stanford.nlp.trees.international.negra.NegraLexer,0,1,1
corenlp,edu.stanford.nlp.trees.international.negra.NegraPennLexer,0,1,1
corenlp,edu.stanford.nlp.trees.international.pennchinese.CHTBLexer,0,1,1
corenlp,edu.stanford.nlp.trees.international.pennchinese.ChineseUtils,0,1,1
corenlp,edu.stanford.nlp.trees.international.spanish.SpanishTreeNormalizer,0,1,1
corenlp,edu.stanford.nlp.trees.tregex.TregexParser,0,1,1
corenlp,edu.stanford.nlp.trees.tregex.TregexParserTokenManager,0,1,1
corenlp,edu.stanford.nlp.trees.tregex.TregexPattern,0,1,1
corenlp,edu.stanford.nlp.trees.tregex.gui.FileTreeModel,0,1,1
corenlp,edu.stanford.nlp.trees.tregex.gui.MatchesPanel,0,1,1
corenlp,edu.stanford.nlp.trees.tregex.gui.ScrollableTreeJPanel,0,1,1
corenlp,edu.stanford.nlp.trees.tregex.tsurgeon.Tsurgeon,0,1,1
corenlp,edu.stanford.nlp.trees.tregex.tsurgeon.TsurgeonParser,0,1,1
corenlp,edu.stanford.nlp.trees.ud.UniversalGappingEnhancer,0,1,1
corenlp,edu.stanford.nlp.trees.ud.UniversalGrammaticalStructure,0,1,1
corenlp,edu.stanford.nlp.util.ArgumentParser,0,1,1
corenlp,edu.stanford.nlp.util.ArrayUtils,0,1,1
corenlp,edu.stanford.nlp.util.BinaryHeapPriorityQueue,0,1,1
corenlp,edu.stanford.nlp.util.CollectionUtils,0,1,1
corenlp,edu.stanford.nlp.util.ConvertByteArray,0,1,1
corenlp,edu.stanford.nlp.util.FixedPrioritiesPriorityQueue,0,1,1
corenlp,edu.stanford.nlp.util.Generics,0,1,1
corenlp,edu.stanford.nlp.util.HashIndex,0,1,1
corenlp,edu.stanford.nlp.util.Interval,0,1,1
corenlp,edu.stanford.nlp.util.IntervalTree,0,1,1
corenlp,edu.stanford.nlp.util.MetaClass,0,1,1
corenlp,edu.stanford.nlp.util.PropertiesUtils,0,1,1
corenlp,edu.stanford.nlp.util.StringUtils,0,1,1
corenlp,edu.stanford.nlp.util.logging.PrettyLogger,0,1,1
corenlp,edu.stanford.nlp.util.logging.Redwood,0,1,1
corenlp,edu.stanford.nlp.util.logging.RedwoodConfiguration,0,1,1
corenlp,edu.stanford.nlp.wordseg.ChineseSegmenterFeatureFactory,0,1,1
corenlp,edu.stanford.nlp.wordseg.Gale2007ChineseSegmenterFeatureFactory,0,1,1
corenlp,edu.stanford.nlp.loglinear.inference.CliqueTreeTest,0,1,1
corenlp,edu.stanford.nlp.loglinear.model.ConcatVectorTest,0,1,1
corenlp,edu.stanford.nlp.naturalli.RelationTripleSegmenterTest,0,1,1
corenlp,edu.stanford.nlp.semgraph.semgrex.SemgrexTest,0,1,1
corenlp,edu.stanford.nlp.trees.tregex.TregexTest,0,1,1
corenlp,edu.stanford.nlp.util.MetaClassTest,0,1,1
dbeaver,org.jkiss.dbeaver.tools.compare.simple.CompareObjectsExecutor,1,0,1
dbeaver,org.jkiss.dbeaver.ui.gis.panel.GISLeafletViewer,1,0,1
dbeaver,org.jkiss.dbeaver.tools.transfer.DataTransferSettings,1,0,1
dbeaver,org.jkiss.dbeaver.tools.transfer.database.DatabaseConsumerSettings,1,0,1
dbeaver,org.jkiss.dbeaver.tools.transfer.stream.StreamConsumerSettings,1,0,1
dbeaver,org.jkiss.dbeaver.tools.transfer.ui.pages.database.DatabaseConsumerPageMapping,1,0,1
dbeaver,org.jkiss.dbeaver.debug.ui.DatabaseLaunchShortcut,1,0,1
dbeaver,org.jkiss.dbeaver.erd.model.ERDDiagram,1,0,1
dbeaver,org.jkiss.dbeaver.erd.ui.editor.ERDEditorPart,1,1,1
dbeaver,org.jkiss.dbeaver.erd.ui.part.DiagramPart,1,0,1
dbeaver,org.jkiss.dbeaver.erd.ui.part.AssociationPart,1,0,1
dbeaver,org.jkiss.dbeaver.ext.db2.model.DB2DataSource,1,0,1
dbeaver,org.jkiss.dbeaver.ext.db2.model.DB2Schema,1,0,1
dbeaver,org.jkiss.dbeaver.ext.exasol.model.security.ExasolSecurityPolicy,1,0,1
dbeaver,org.jkiss.dbeaver.ext.exasol.model.ExasolDataSource,1,0,1
dbeaver,org.jkiss.dbeaver.ext.generic.model.meta.GenericMetaModel,1,0,1
dbeaver,org.jkiss.dbeaver.ext.generic.views.GenericConnectionPage,1,0,1
dbeaver,org.jkiss.dbeaver.ext.greenplum.model.GreenplumExternalTable,1,0,1
dbeaver,org.jkiss.dbeaver.ext.import_config.wizards.ConfigImportWizard,1,0,1
dbeaver,org.jkiss.dbeaver.ext.mssql.model.SQLServerDatabase,1,0,1
dbeaver,org.jkiss.dbeaver.ext.mssql.model.SQLServerSchema,1,0,1
dbeaver,org.jkiss.dbeaver.ext.mssql.model.SQLServerDataType,1,0,1
dbeaver,org.jkiss.dbeaver.ext.mysql.model.MySQLDataSource,1,0,1
dbeaver,org.jkiss.dbeaver.ext.mysql.model.MySQLTableColumn,1,0,1
dbeaver,org.jkiss.dbeaver.ext.oracle.model.OracleSchema,1,1,1
dbeaver,org.jkiss.dbeaver.ext.oracle.model.OracleDataSource,1,0,1
dbeaver,org.jkiss.dbeaver.ext.oracle.model.OracleDataType,1,0,1
dbeaver,org.jkiss.dbeaver.ext.postgresql.model.plan.PostgrePlanNodeText,1,0,1
dbeaver,org.jkiss.dbeaver.ext.postgresql.model.PostgreDataType,1,0,1
dbeaver,org.jkiss.dbeaver.ext.postgresql.model.PostgreExecutionContext,1,0,1
dbeaver,org.jkiss.dbeaver.ext.postgresql.model.PostgreDataSource,1,0,1
dbeaver,org.jkiss.dbeaver.ext.postgresql.model.PostgreSchema,1,1,1
dbeaver,org.jkiss.dbeaver.ext.postgresql.model.PostgreTable,1,0,1
dbeaver,org.jkiss.dbeaver.ext.postgresql.model.PostgreTrigger,1,0,1
dbeaver,org.jkiss.dbeaver.model.impl.jdbc.JDBCDataSource,1,0,1
dbeaver,org.jkiss.dbeaver.model.connection.DBPConnectionConfiguration,1,0,1
dbeaver,org.jkiss.dbeaver.model.impl.sql.AbstractSQLDialect,1,0,1
dbeaver,org.jkiss.dbeaver.model.navigator.DBNModel,1,0,1
dbeaver,org.jkiss.dbeaver.model.sql.SQLQuery,1,0,1
dbeaver,org.jkiss.dbeaver.model.virtual.DBVEntityAttribute,1,0,1
dbeaver,org.jkiss.dbeaver.runtime.properties.ObjectAttributeDescriptor,1,0,1
dbeaver,org.jkiss.dbeaver.runtime.qm.QMMCollectorImpl,1,0,1
dbeaver,org.jkiss.dbeaver.model.navigator.meta.DBXTreeNode,1,0,1
dbeaver,org.jkiss.dbeaver.model.virtual.DBVEntity,1,0,1
dbeaver,org.jkiss.dbeaver.model.sql.completion.SQLCompletionProposalBase,1,0,1
dbeaver,org.jkiss.dbeaver.model.sql.parser.SQLWordPartDetector,1,0,1
dbeaver,org.jkiss.dbeaver.model.sql.format.tokenized.IndentFormatter,1,0,1
dbeaver,org.jkiss.dbeaver.model.sql.format.tokenized.SQLTokensParser,1,0,1
dbeaver,org.jkiss.dbeaver.model.sql.registry.SQLDialectDescriptor,1,0,1
dbeaver,org.jkiss.dbeaver.registry.DataSourceSerializerModern,1,1,0
dbeaver,org.jkiss.dbeaver.registry.DataSourceDescriptor,1,1,1
dbeaver,org.jkiss.dbeaver.registry.maven.MavenArtifact,1,0,1
dbeaver,org.jkiss.dbeaver.registry.maven.MavenArtifactVersion,1,0,1
dbeaver,org.jkiss.dbeaver.registry.DataSourceProviderRegistry,1,0,1
dbeaver,org.jkiss.dbeaver.registry.driver.DriverDescriptor,1,1,1
dbeaver,org.jkiss.dbeaver.registry.DataSourceProviderDescriptor,1,0,1
dbeaver,org.jkiss.dbeaver.tasks.ui.wizard.TaskConfigurationWizardPageTask,1,0,1
dbeaver,org.jkiss.dbeaver.tasks.ui.view.DatabaseTasksTree,1,0,1
dbeaver,org.jkiss.dbeaver.ui.controls.CustomFormEditor,1,0,1
dbeaver,org.jkiss.dbeaver.ui.controls.ProgressPageControl,1,0,1
dbeaver,org.jkiss.dbeaver.ui.notifications.AbstractNotificationPopup,1,0,1
dbeaver,org.jkiss.dbeaver.ui.controls.ObjectViewerRenderer,1,0,1
dbeaver,org.jkiss.dbeaver.ui.controls.finder.AdvancedList,1,0,1
dbeaver,org.jkiss.dbeaver.ui.app.standalone.DBeaverApplication,1,0,1
dbeaver,org.jkiss.dbeaver.ui.app.standalone.DBeaverSettingsImporter,1,0,1
dbeaver,org.jkiss.dbeaver.ui.dashboard.registry.DashboardDescriptor,1,0,1
dbeaver,org.jkiss.dbeaver.ui.editors.object.struct.EditForeignKeyPage,1,0,1
dbeaver,org.jkiss.dbeaver.ui.dialogs.driver.DriverSelectViewer,1,0,1
dbeaver,org.jkiss.dbeaver.ui.controls.lightgrid.LightGrid,1,0,1
dbeaver,org.jkiss.dbeaver.ui.controls.resultset.spreadsheet.SpreadsheetPresentation,1,0,1
dbeaver,org.jkiss.dbeaver.ui.controls.resultset.ResultSetViewer,1,0,1
dbeaver,org.jkiss.dbeaver.ui.controls.resultset.colors.ColorSettingsDialog,1,0,1
dbeaver,org.jkiss.dbeaver.ui.editors.data.VirtualStructureEditor,1,0,1
dbeaver,org.jkiss.dbeaver.ui.controls.resultset.valuefilter.GenericFilterValueEdit,1,0,1
dbeaver,org.jkiss.dbeaver.ui.data.editors.ContentPanelEditor,1,0,1
dbeaver,org.jkiss.dbeaver.ui.controls.resultset.ResultSetModel,1,0,1
dbeaver,org.jkiss.dbeaver.ui.controls.resultset.plaintext.PlainTextPresentation,1,0,1
dbeaver,org.jkiss.dbeaver.ui.editors.binary.HexEditControl,1,0,1
dbeaver,org.jkiss.dbeaver.ui.editors.binary.ActionHistory,1,0,1
dbeaver,org.jkiss.dbeaver.ui.editors.binary.pref.HexPreferencesManager,1,0,1
dbeaver,org.jkiss.dbeaver.ui.controls.querylog.QueryLogViewer,1,1,1
dbeaver,org.jkiss.dbeaver.ui.editors.sql.execute.SQLQueryJob,1,0,1
dbeaver,org.jkiss.dbeaver.ui.editors.sql.util.SQLSymbolInserter,1,0,1
dbeaver,org.jkiss.dbeaver.ui.editors.sql.SQLEditor,1,1,1
dbeaver,org.jkiss.dbeaver.ui.editors.sql.SQLEditor.QueryResultsContainer,1,0,1
dbeaver,org.jkiss.dbeaver.ui.editors.entity.properties.TabbedFolderPageForm,1,0,1
dbeaver,org.jkiss.dbeaver.ui.navigator.database.StatisticsNavigatorNodeRenderer,1,0,1
dbeaver,org.jkiss.dbeaver.ui.preferences.TargetPrefPage,1,0,1
dbeaver,org.jkiss.dbeaver.ui.navigator.actions.NavigatorObjectsDeleter,1,0,1
dbeaver,org.jkiss.dbeaver.ui.navigator.database.DatabaseNavigatorTree,1,0,1
dbeaver,org.jkiss.dbeaver.ui.navigator.itemlist.ObjectListControl,1,1,1
dbeaver,org.jkiss.utils.xml.SAXReader,1,0,1
dbeaver,org.jkiss.dbeaver.ext.postgresql.model.PostgreDatabase,0,1,1
dbeaver,org.jkiss.dbeaver.model.DBUtils,0,1,1
dbeaver,org.jkiss.dbeaver.model.impl.jdbc.exec.JDBCCallableStatementImpl,0,1,1
dbeaver,org.jkiss.dbeaver.model.impl.jdbc.exec.JDBCDatabaseMetaDataImpl,0,1,1
dbeaver,org.jkiss.dbeaver.model.sql.SQLUtils,0,1,1
dbeaver,org.jkiss.dbeaver.ui.UIUtils,0,1,1
dbeaver,org.jkiss.dbeaver.ui.controls.CustomSashForm,0,1,1
dbeaver,org.jkiss.dbeaver.ui.properties.PropertyTreeViewer,0,1,1
dbeaver,org.jkiss.dbeaver.ui.editors.entity.EntityEditor,0,1,1
elasticsearch-analysis,org.wltea.analyzer.dic.Dictionary,1,1,1
elasticsearch-analysis,org.wltea.analyzer.core.AnalyzeContext,1,1,0
fastjson,com.alibaba.fastjson.JSONPath,1,1,1
fastjson,com.alibaba.fastjson.JSONWriter,1,0,1
fastjson,com.alibaba.fastjson.parser.DefaultJSONParser,1,1,1
fastjson,com.alibaba.fastjson.parser.ParserConfig,1,1,1
fastjson,com.alibaba.fastjson.util.FieldInfo,1,1,1
fastjson,com.alibaba.fastjson.parser.deserializer.ASMDeserializerFactory,1,1,1
fastjson,com.alibaba.fastjson.serializer.JSONSerializer,1,1,1
fastjson,com.alibaba.fastjson.serializer.SerializeConfig,1,1,1
fastjson,com.alibaba.fastjson.JSON,0,1,1
fastjson,com.alibaba.fastjson.JSONObject,0,1,1
fastjson,com.alibaba.fastjson.JSONValidator,0,1,1
fastjson,com.alibaba.fastjson.parser.JSONLexerBase,0,1,1
fastjson,com.alibaba.fastjson.parser.deserializer.FieldDeserializer,0,1,1
fastjson,com.alibaba.fastjson.parser.deserializer.JavaBeanDeserializer,0,1,1
fastjson,com.alibaba.fastjson.parser.deserializer.Jdk8DateCodec,0,1,1
fastjson,com.alibaba.fastjson.parser.deserializer.MapDeserializer,0,1,1
fastjson,com.alibaba.fastjson.parser.deserializer.ThrowableDeserializer,0,1,1
fastjson,com.alibaba.fastjson.serializer.AwtCodec,0,1,1
fastjson,com.alibaba.fastjson.serializer.DateCodec,0,1,1
fastjson,com.alibaba.fastjson.serializer.JavaBeanSerializer,0,1,1
fastjson,com.alibaba.fastjson.serializer.JodaCodec,0,1,1
fastjson,com.alibaba.fastjson.serializer.MapSerializer,0,1,1
fastjson,com.alibaba.fastjson.serializer.MiscCodec,0,1,1
fastjson,com.alibaba.fastjson.serializer.SerializeWriter,0,1,1
fastjson,com.alibaba.fastjson.util.AntiCollisionHashMap,0,1,1
fastjson,com.alibaba.fastjson.util.IOUtils,0,1,1
fastjson,com.alibaba.fastjson.util.TypeUtils,0,1,1
fastjson,com.alibaba.fastjson.util.UTF8Decoder,0,1,1
fastjson,com.alibaba.fastjson.codegen.DeserializerGen,0,1,1
fastjson,com.alibaba.json.bvt.parser.TypeUtilsTest,0,1,1
fastjson,com.alibaba.json.bvt.parser.number.NumberValueTest_error_13,0,1,1
gson,com.google.gson.internal.Excluder,1,0,1
gson,com.google.gson.internal.LinkedHashTreeMap,1,0,1
gson,com.google.gson.Gson,1,0,1
gson,gson.com.google.gson.internal.$Gson$Types,0,1,1
gson,gson.com.google.gson.internal.LinkedTreeMap,0,1,1
gson,gson.com.google.gson.internal.bind.JsonTreeWriter,0,1,1
gson,gson.com.google.gson.internal.bind.util.ISO8601Utils,0,1,1
gson,gson.com.google.gson.stream.JsonReaderTest,0,1,1
gson,gson.com.google.gson.stream.JsonWriterTest,0,1,1
guava,com.google.common.net.InternetDomainName,1,1,1
guava,com.google.common.collect.testing.FeatureSpecificTestSuiteBuilder,1,1,0
guava,com.google.common.collect.testing.Helpers,1,1,0
guava,com.google.common.collect.testing.MapInterfaceTest,1,1,0
guava,com.google.common.testing.ClassSanityTester,1,1,0
guava,com.google.common.testing.FreshValueGenerator,1,1,0
guava,com.google.common.testing.NullPointerTester,1,1,0
guava,com.google.common.testing.FreshValueGeneratorTest,1,1,0
guava,com.google.common.testing.NullPointerTesterTest,1,1,0
guava,com.google.common.collect.ConcurrentHashMultisetBenchmark,1,1,0
guava,com.google.common.base.CharMatcherTest,1,1,0
guava,com.google.common.base.PreconditionsTest,1,1,0
guava,com.google.common.base.PredicatesTest,1,1,0
guava,com.google.common.base.ThrowablesTest,1,1,0
guava,com.google.common.cache.CacheBuilderSpecTest,1,1,0
guava,com.google.common.cache.CacheBuilderTest,1,1,0
guava,com.google.common.cache.CacheLoadingTest,1,1,0
guava,com.google.common.cache.CacheTesting,1,1,0
guava,com.google.common.cache.EmptyCachesTest,1,1,0
guava,com.google.common.cache.LocalCacheTest,1,1,0
guava,com.google.common.collect.AbstractImmutableSetTest,1,1,0
guava,com.google.common.collect.ArrayTableTest,1,1,0
guava,com.google.common.collect.FluentIterableTest,1,1,0
guava,com.google.common.collect.ImmutableListMultimapTest,1,1,0
guava,com.google.common.collect.ImmutableListTest,1,1,0
guava,com.google.common.collect.ImmutableMapTest,1,1,0
guava,com.google.common.collect.ImmutableMultisetTest,1,1,0
guava,com.google.common.collect.ImmutableRangeSetTest,1,1,0
guava,com.google.common.collect.ImmutableSetMultimapTest,1,1,0
guava,com.google.common.collect.ImmutableSortedMultisetTest,1,1,0
guava,com.google.common.collect.ImmutableSortedSetTest,1,1,0
guava,com.google.common.collect.IterablesTest,1,1,0
guava,com.google.common.collect.IteratorsTest,1,1,0
guava,com.google.common.collect.ListsTest,1,1,0
guava,com.google.common.collect.MapMakerInternalMapTest,1,1,0
guava,com.google.common.collect.MapsTest,1,1,0
guava,com.google.common.collect.MinMaxPriorityQueueTest,1,1,0
guava,com.google.common.collect.MultimapsTest,1,1,0
guava,com.google.common.collect.OrderingTest,1,1,0
guava,com.google.common.collect.RangeTest,1,1,0
guava,com.google.common.collect.SetsTest,1,1,0
guava,com.google.common.collect.TreeRangeMapTest,1,1,0
guava,com.google.common.collect.TreeRangeSetTest,1,1,0
guava,com.google.common.graph.AbstractStandardUndirectedNetworkTest,1,1,0
guava,com.google.common.graph.TraverserTest,1,1,0
guava,com.google.common.hash.BloomFilterTest,1,1,0
guava,com.google.common.hash.HashCodeTest,1,1,0
guava,com.google.common.hash.HashTestUtils,1,1,0
guava,com.google.common.hash.HashingTest,1,1,0
guava,com.google.common.io.BaseEncodingTest,1,1,0
guava,com.google.common.io.ByteSourceTest,1,1,0
guava,com.google.common.io.ByteStreamsTest,1,1,0
guava,com.google.common.io.FilesTest,1,1,0
guava,com.google.common.math.BigIntegerMathTest,1,1,0
guava,com.google.common.math.DoubleMathTest,1,1,0
guava,com.google.common.math.IntMathTest,1,1,0
guava,com.google.common.math.LongMathTest,1,1,0
guava,com.google.common.math.MathPreconditionsTest,1,1,0
guava,com.google.common.math.QuantilesTest,1,1,0
guava,com.google.common.math.StatsTest,1,1,0
guava,com.google.common.net.InetAddressesTest,1,1,0
guava,com.google.common.net.InternetDomainNameTest,1,1,0
guava,com.google.common.net.MediaTypeTest,1,1,0
guava,com.google.common.primitives.CharsTest,1,1,0
guava,com.google.common.primitives.DoublesTest,1,1,0
guava,com.google.common.primitives.FloatsTest,1,1,0
guava,com.google.common.primitives.ImmutableDoubleArrayTest,1,1,0
guava,com.google.common.primitives.IntsTest,1,1,0
guava,com.google.common.primitives.LongsTest,1,1,0
guava,com.google.common.primitives.ShortsTest,1,1,0
guava,com.google.common.primitives.UnsignedBytesTest,1,1,0
guava,com.google.common.primitives.UnsignedIntsTest,1,1,0
guava,com.google.common.reflect.ClassPathTest,1,1,0
guava,com.google.common.reflect.InvokableTest,1,1,0
guava,com.google.common.reflect.TypeTokenTest,1,1,0
guava,com.google.common.util.concurrent.AbstractFutureTest,1,1,0
guava,com.google.common.util.concurrent.AbstractServiceTest,1,1,0
guava,com.google.common.util.concurrent.AtomicDoubleArrayTest,1,1,0
guava,com.google.common.util.concurrent.AtomicLongMapTest,1,1,0
guava,com.google.common.util.concurrent.ClosingFutureTest,1,1,0
guava,com.google.common.util.concurrent.FuturesGetCheckedTest,1,1,0
guava,com.google.common.util.concurrent.FuturesTest,1,1,0
guava,com.google.common.util.concurrent.JSR166TestCase,1,1,0
guava,com.google.common.util.concurrent.MoreExecutorsTest,1,1,0
guava,com.google.common.util.concurrent.UninterruptiblesTest,1,1,0
guava,com.google.common.base.CharMatcher,1,1,1
guava,com.google.common.base.Throwables,1,1,0
guava,com.google.common.cache.CacheBuilder,1,1,1
guava,com.google.common.cache.LocalCache,1,1,1
guava,com.google.common.collect.ArrayTable,1,1,1
guava,com.google.common.collect.CompactHashMap,1,1,1
guava,com.google.common.collect.CompactHashSet,1,1,1
guava,com.google.common.collect.ConcurrentHashMultiset,1,1,1
guava,com.google.common.collect.FluentIterable,1,1,1
guava,com.google.common.collect.ImmutableList,1,1,1
guava,com.google.common.collect.ImmutableRangeSet,1,1,1
guava,com.google.common.collect.ImmutableSet,1,1,1
guava,com.google.common.collect.ImmutableSetMultimap,1,1,1
guava,com.google.common.collect.ImmutableSortedMap,1,1,1
guava,com.google.common.collect.ImmutableSortedSet,1,1,1
guava,com.google.common.collect.Iterables,1,1,1
guava,com.google.common.collect.Iterators,1,1,1
guava,com.google.common.collect.LinkedListMultimap,1,1,1
guava,com.google.common.collect.Lists,1,1,1
guava,com.google.common.collect.MapMakerInternalMap,1,1,1
guava,com.google.common.collect.Maps,1,1,1
guava,com.google.common.collect.MinMaxPriorityQueue,1,1,1
guava,com.google.common.collect.Multimaps,1,1,1
guava,com.google.common.collect.Multisets,1,1,1
guava,com.google.common.collect.Ordering,1,1,1
guava,com.google.common.collect.Range,1,1,1
guava,com.google.common.collect.Sets,1,1,1
guava,com.google.common.collect.TreeMultiset,1,1,1
guava,com.google.common.graph.Graphs,1,1,1
guava,com.google.common.io.ByteStreams,1,1,1
guava,com.google.common.io.Files,1,1,1
guava,com.google.common.math.BigIntegerMath,1,1,1
guava,com.google.common.math.DoubleMath,1,1,1
guava,com.google.common.math.IntMath,1,1,1
guava,com.google.common.math.LongMath,1,1,1
guava,com.google.common.net.InetAddresses,1,1,1
guava,com.google.common.primitives.Chars,1,1,1
guava,com.google.common.primitives.Doubles,1,1,1
guava,com.google.common.primitives.Floats,1,1,1
guava,com.google.common.primitives.ImmutableDoubleArray,1,1,1
guava,com.google.common.primitives.ImmutableIntArray,1,1,1
guava,com.google.common.primitives.ImmutableLongArray,1,1,1
guava,com.google.common.primitives.Ints,1,1,1
guava,com.google.common.primitives.Longs,1,1,1
guava,com.google.common.primitives.Shorts,1,1,1
guava,com.google.common.primitives.UnsignedLongs,1,1,1
guava,com.google.common.reflect.TypeToken,1,1,1
guava,com.google.common.util.concurrent.AbstractFuture,1,1,1
guava,com.google.common.util.concurrent.AbstractService,1,1,1
guava,com.google.common.util.concurrent.ClosingFuture,1,1,1
guava,com.google.common.util.concurrent.MoreExecutors,1,1,1
guava,com.google.common.util.concurrent.SimpleTimeLimiter,1,1,0
guava,com.google.common.collect.AbstractMapBasedMultimap,0,1,1
guava,com.google.common.collect.HashBiMap,0,1,1
guava,com.google.common.collect.ImmutableMap,0,1,1
guava,com.google.common.collect.Streams,0,1,1
guava,com.google.common.io.MoreFiles,0,1,1
guava,com.google.common.math.Stats,0,1,1
guava,com.google.common.util.concurrent.Monitor,0,1,1
guava,com.google.common.util.concurrent.Uninterruptibles,0,1,1
guava,com.google.common.collect.RegularImmutableMap,1,1,0
hikari,com.zaxxer.hikari.HikariConfig,1,1,1
hikari,com.zaxxer.hikari.pool.HikariPool,0,1,1
hikari,com.zaxxer.hikari.pool.TestConnections,0,1,1
javafaker,com.github.javafaker.service.FakeValuesService,1,1,1
jedis,redis.clients.jedis.tests.JedisClusterTest,1,0,1
jedis,redis.clients.jedis.Connection,1,1,1
jedis,redis.clients.jedis.BinaryClient,0,1,1
jedis,redis.clients.jedis.BinaryShardedJedis,0,1,1
jedis,redis.clients.jedis.Client,0,1,1
jedis,redis.clients.jedis.Jedis,0,1,1
jedis,redis.clients.jedis.JedisCluster,0,1,1
jedis,redis.clients.jedis.JedisPubSub,0,1,1
jedis,redis.clients.jedis.PipelineBase,0,1,1
jedis,redis.clients.jedis.ShardedJedis,0,1,1
jenkins,hudson.model.Computer,1,1,1
jenkins,jenkins.model.Jenkins,1,1,1
jenkins,jenkins.org.apache.commons.validator.routines.UrlValidator,1,1,1
jenkins,jenkins.util.AntClassLoader,1,1,1
jenkins,hudson.cli.CLICommand,1,1,1
jenkins,hudson.PluginManager,1,1,1
jenkins,hudson.PluginWrapper,1,1,1
jenkins,hudson.model.AbstractProject,1,1,1
jenkins,hudson.model.Node,1,1,1
jenkins,hudson.model.UpdateCenter,1,1,1
jenkins,hudson.model.View,1,1,1
jenkins,hudson.scheduler.CronTab,1,1,1
jenkins,jenkins.install.SetupWizard,1,1,1
jenkins,hudson.FilePath,1,1,1
jenkins,hudson.model.DependencyGraph,1,1,0
jenkins,hudson.model.DirectoryBrowserSupport,1,1,1
jenkins,hudson.model.Fingerprint,1,1,1
jenkins,hudson.model.Queue,1,1,1
jenkins,hudson.security.SecurityRealm,1,1,1
jenkins,jenkins.org.apache.commons.validator.routines.DomainValidator,1,1,1
jenkins,hudson.ProxyConfiguration,1,1,1
jenkins,hudson.model.ParametersAction,1,1,1
jenkins,hudson.model.UpdateSite,1,1,1
jenkins,jenkins.model.RunIdMigrator,1,1,1
jenkins,jenkins.widgets.HistoryPageFilter,1,1,1
jenkins,hudson.model.Slave,1,1,1
jenkins,hudson.scm.SCM,1,1,1
jenkins,hudson.cli.CLI,0,1,1
jenkins,hudson.ClassicPluginStrategy,0,1,1
jenkins,hudson.ExtensionList,0,1,1
jenkins,hudson.Functions,0,1,1
jenkins,hudson.Util,0,1,1
jenkins,hudson.model.AbstractBuild,0,1,1
jenkins,hudson.model.AbstractItem,0,1,1
jenkins,hudson.model.ComputerSet,0,1,1
jenkins,hudson.model.Descriptor,0,1,1
jenkins,hudson.model.Executor,0,1,1
jenkins,hudson.model.Items,0,1,1
jenkins,hudson.model.Job,0,1,1
jenkins,hudson.model.Label,0,1,1
jenkins,hudson.model.ListView,0,1,1
jenkins,hudson.model.Run,0,1,1
jenkins,hudson.model.User,0,1,1
jenkins,hudson.security.ACL,0,1,1
jenkins,hudson.security.HudsonPrivateSecurityRealm,0,1,1
jenkins,hudson.slaves.SlaveComputer,0,1,1
jenkins,hudson.tasks.BuildTrigger,0,1,1
jenkins,hudson.tasks.LogRotator,0,1,1
jenkins,hudson.util.ArgumentListBuilder,0,1,1
jenkins,hudson.util.FormValidation,0,1,1
jenkins,hudson.util.IOUtils,0,1,1
jenkins,hudson.util.jna.DotNet,0,1,1
jenkins,jenkins.fingerprints.FileFingerprintStorage,0,1,1
jenkins,jenkins.model.lazy.AbstractLazyLoadRunMap,0,1,1
jenkins,jenkins.security.stapler.TypedFilter,0,1,1
jitwatch,org.adoptopenjdk.jitwatch.model.bytecode.BytecodeAnnotationBuilder,1,1,1
jitwatch,org.adoptopenjdk.jitwatch.parser.zing.ZingLogParser,1,1,1
jitwatch,org.adoptopenjdk.jitwatch.jarscan.JarScan,1,1,1
jitwatch,org.adoptopenjdk.jitwatch.model.Tag,1,1,1
jitwatch,org.adoptopenjdk.jitwatch.model.bytecode.ClassBC,1,0,1
jitwatch,org.adoptopenjdk.jitwatch.parser.AbstractLogParser,1,1,1
jitwatch,org.adoptopenjdk.jitwatch.model.Compilation,1,1,1
jitwatch,org.adoptopenjdk.jitwatch.core.JITWatchConfig,1,1,1
jitwatch,org.adoptopenjdk.jitwatch.ui.main.JITWatchUI,1,1,1
jitwatch,org.adoptopenjdk.jitwatch.ui.triview.assembly.ViewerAssembly,1,1,1
jitwatch,org.adoptopenjdk.jitwatch.ui.nmethod.compilerthread.CompilerThreadStage,1,1,1
jitwatch,org.adoptopenjdk.jitwatch.ui.triview.TriView,1,1,1
jitwatch,org.adoptopenjdk.jitwatch.ui.triview.bytecode.ViewerBytecode,1,1,1
jitwatch,org.adoptopenjdk.jitwatch.ui.sandbox.SandboxStage,1,1,1
jitwatch,org.adoptopenjdk.jitwatch.demo.MakeHotSpotLog,0,1,1
jitwatch,org.adoptopenjdk.jitwatch.loader.BytecodeLoader,0,1,1
jitwatch,org.adoptopenjdk.jitwatch.model.AbstractMetaMember,0,1,1
jitwatch,org.adoptopenjdk.jitwatch.model.JITDataModel,0,1,1
jitwatch,org.adoptopenjdk.jitwatch.model.MemberSignatureParts,0,1,1
jitwatch,org.adoptopenjdk.jitwatch.parser.hotspot.HotSpotLogParser,0,1,1
jitwatch,org.adoptopenjdk.jitwatch.util.ParseUtil,0,1,1
jitwatch,org.adoptopenjdk.jitwatch.test.TestParseUtil,0,1,1
jitwatch,org.adoptopenjdk.jitwatch.ui.triview.Viewer,0,1,1
jsoup,org.jsoup.safety.Safelist,1,1,1
jsoup,org.jsoup.parser.Tokeniser,1,1,1
jsoup,org.jsoup.nodes.Document,1,1,1
jsoup,org.jsoup.select.SelectorTest,1,1,1
jsoup,org.jsoup.nodes.Node,1,1,1
jsoup,org.jsoup.helper.DataUtil,0,1,1
jsoup,org.jsoup.internal.StringUtil,0,1,1
jsoup,org.jsoup.nodes.Element,0,1,1
jsoup,org.jsoup.nodes.Entities,0,1,1
jsoup,org.jsoup.parser.HtmlTreeBuilder,0,1,1
jsoup,org.jsoup.select.Elements,0,1,1
jsoup,org.jsoup.integration.ConnectTest,0,1,1
jsoup,org.jsoup.integration.UrlConnectTest,0,1,1
jsoup,org.jsoup.nodes.ElementTest,0,1,1
jsoup,org.jsoup.parser.HtmlParserTest,0,1,1
junit4,org.junit.runners.model.TestClass,1,1,1
junit4,org.junit.runners.BlockJUnit4ClassRunner,1,1,1
junit4,org.junit.rules.TemporaryFolder,1,1,0
junit4,junit.runner.BaseTestRunner,0,1,1
junit4,org.junit.Assert,0,1,1
junit4,org.junit.runners.ParentRunner,0,1,1
junit4,org.junit.tests.assertion.AssertionTest,0,1,1
libgdx,com.badlogic.gdx.graphics.g2d.PolygonSprite,1,0,1
libgdx,com.badlogic.gdx.utils.XmlReader.Element,1,0,1
libgdx,com.badlogic.gdx.graphics.g2d.NinePatch,1,1,1
libgdx,com.badlogic.gdx.scenes.scene2d.ui.ScrollPane,1,1,1
libgdx,com.badlogic.gdx.graphics.g2d.BitmapFont.BitmapFontData,1,0,1
libgdx,com.badlogic.gdx.utils.JsonValue,1,0,1
libgdx,com.badlogic.gdx.utils.XmlReader,1,1,1
libgdx,com.badlogic.gdx.graphics.Mesh,1,1,1
libgdx,com.badlogic.gdx.graphics.g2d.PixmapPacker,1,1,1
libgdx,com.badlogic.gdx.graphics.g3d.particles.batches.BillboardParticleBatch,1,1,1
libgdx,com.badlogic.gdx.input.GestureDetector,1,1,1
libgdx,com.badlogic.gdx.scenes.scene2d.Actor,1,1,1
libgdx,com.badlogic.gdx.scenes.scene2d.ui.HorizontalGroup,1,1,1
libgdx,com.badlogic.gdx.scenes.scene2d.ui.Slider,1,1,1
libgdx,com.badlogic.gdx.scenes.scene2d.ui.SplitPane,1,1,1
libgdx,com.badlogic.gdx.scenes.scene2d.ui.Table,1,1,1
libgdx,com.badlogic.gdx.scenes.scene2d.ui.VerticalGroup,1,1,1
libgdx,com.badlogic.gdx.scenes.scene2d.utils.DragAndDrop,1,0,1
libgdx,com.badlogic.gdx.utils.I18NBundle,1,1,1
libgdx,com.badlogic.gdx.utils.Json,1,1,1
libgdx,com.badlogic.gdx.utils.SharedLibraryLoader,1,1,1
libgdx,com.badlogic.gdx.utils.compression.lzma.Encoder,1,1,1
libgdx,com.badlogic.gdx.graphics.g3d.shaders.DefaultShader,1,1,1
libgdx,com.badlogic.gdx.scenes.scene2d.Group,1,0,1
libgdx,com.badlogic.gdx.scenes.scene2d.ui.ProgressBar,1,1,1
libgdx,com.badlogic.gdx.graphics.glutils.ShaderProgram,1,1,1
libgdx,com.badlogic.gdx.scenes.scene2d.ui.Skin,1,1,1
libgdx,com.badlogic.gdx.math.DelaunayTriangulator,1,1,1
libgdx,com.badlogic.gdx.utils.UBJsonReader,1,1,1
libgdx,com.badlogic.gdx.graphics.g3d.utils.ModelBuilder,1,1,1
libgdx,com.badlogic.gdx.scenes.scene2d.Stage,1,1,1
libgdx,com.badlogic.gdx.scenes.scene2d.ui.Label,1,1,1
libgdx,com.badlogic.gdx.graphics.g3d.ModelInstance,1,1,1
libgdx,com.badlogic.gdx.graphics.g3d.model.Node,1,1,1
libgdx,com.badlogic.gdx.scenes.scene2d.ui.Image,1,0,1
libgdx,com.badlogic.gdx.graphics.g3d.loader.G3dModelLoader,1,1,1
libgdx,com.badlogic.gdx.graphics.g3d.utils.BaseAnimationController,1,1,1
libgdx,com.badlogic.gdx.graphics.g3d.ModelBatch,1,1,0
libgdx,com.badlogic.gdx.backends.android.AndroidGraphics,1,1,1
libgdx,com.badlogic.gdx.backends.headless.HeadlessApplication,1,1,1
libgdx,com.badlogic.gdx.backends.lwjgl.LwjglApplication,1,1,1
libgdx,com.badlogic.gdx.backends.lwjgl.LwjglCanvas,1,1,1
libgdx,com.badlogic.gdx.backends.lwjgl.audio.OpenALLwjglAudio,1,1,0
libgdx,com.badlogic.gdx.backends.lwjgl.LwjglAWTInput,1,1,1
libgdx,com.badlogic.gdx.backends.lwjgl.audio.OggInputStream,1,1,1
libgdx,com.badlogic.gdx.backends.lwjgl.LwjglGL20,1,1,1
libgdx,com.badlogic.gdx.backends.lwjgl.LwjglGraphics,1,1,1
libgdx,com.badlogic.gdx.backends.lwjgl3.Lwjgl3Graphics,1,1,1
libgdx,com.badlogic.gdx.backends.lwjgl3.audio.OpenALLwjgl3Audio,1,1,0
libgdx,com.badlogic.gdx.backends.lwjgl3.Lwjgl3GL20,1,1,1
libgdx,com.badlogic.gdx.backends.lwjgl3.Lwjgl3Application,1,1,1
libgdx,com.badlogic.gdx.backends.iosrobovm.IOSGraphics,1,1,1
libgdx,com.badlogic.gdx.physics.box2d.Box2DDebugRenderer,1,1,1
libgdx,com.badlogic.gdx.physics.box2d.World,1,1,1
libgdx,com.badlogic.gdx.physics.box2d.Body,1,1,1
libgdx,com.badlogic.gdx.tools.FileProcessor,1,1,0
libgdx,com.badlogic.gdx.tools.distancefield.DistanceFieldGenerator,1,1,0
libgdx,com.badlogic.gdx.tools.hiero.unicodefont.UnicodeFont,1,1,1
libgdx,com.badlogic.gdx.tools.particleeditor.ParticleEditor,1,1,0
libgdx,com.badlogic.gdx.tools.texturepacker.ImageProcessor,1,1,1
libgdx,com.badlogic.gdx.tools.texturepacker.TexturePacker,1,0,1
libgdx,com.badlogic.gdx.tools.hiero.HieroSettings,1,0,1
libgdx,com.badlogic.gdx.tools.particleeditor.Chart,1,0,1
libgdx,com.badlogic.gdx.backends.android.AndroidApplication,0,1,1
libgdx,com.badlogic.gdx.backends.android.AndroidDaydream,0,1,1
libgdx,com.badlogic.gdx.backends.android.AndroidFragmentApplication,0,1,1
libgdx,com.badlogic.gdx.backends.android.AndroidLiveWallpaper,0,1,1
libgdx,com.badlogic.gdx.backends.android.DefaultAndroidInput,0,1,1
libgdx,com.badlogic.gdx.backends.lwjgl3.DefaultLwjgl3Input,0,1,1
libgdx,com.badlogic.gdx.backends.lwjgl3.Lwjgl3GL30,0,1,1
libgdx,com.badlogic.gdx.backends.lwjgl.DefaultLwjglInput,0,1,1
libgdx,com.badlogic.gdx.backends.lwjgl.LwjglAWTCanvas,0,1,1
libgdx,com.badlogic.gdx.backends.lwjgl.LwjglGL30,0,1,1
libgdx,com.badlogic.gdx.backends.iosrobovm.DefaultIOSInput,0,1,1
libgdx,com.badlogic.gdx.backends.iosrobovm.IOSApplication,0,1,1
libgdx,com.badlogic.gdx.backends.gwt.DefaultGwtInput,0,1,1
libgdx,com.badlogic.gdx.backends.gwt.GwtApplication,0,1,1
libgdx,com.badlogic.gdx.backends.gwt.GwtFileHandle,0,1,1
libgdx,com.badlogic.gdx.backends.gwt.GwtGraphics,0,1,1
libgdx,com.badlogic.gdx.backends.gwt.emu.,1,1,0
libgdx,com.badlogic.gdx.backends.gwt.preloader.PreloaderBundleGenerator,0,1,1
libgdx,com.badlogic.gwtref.client.Type,0,1,1
libgdx,com.badlogic.gwtref.gen.ReflectionCacheSourceCreator,0,1,1
libgdx,com.badlogic.gdx.physics.box2d.gwt.emu.org.jbox2d.collision.Collision,0,1,1
libgdx,com.badlogic.gdx.physics.box2d.gwt.emu.org.jbox2d.common.MathUtils,0,1,1
libgdx,com.badlogic.gdx.physics.box2d.gwt.emu.org.jbox2d.dynamics.Fixture,0,1,1
libgdx,com.badlogic.gdx.physics.bullet.collision.CollisionJNI,0,1,1
libgdx,com.badlogic.gdx.physics.bullet.collision.btTriangleIndexVertexArray,0,1,1
libgdx,com.badlogic.gdx.physics.bullet.extras.ExtrasJNI,0,1,1
libgdx,com.badlogic.gdx.physics.bullet.linearmath.LinearMath,0,1,1
libgdx,com.badlogic.gdx.physics.bullet.linearmath.LinearMathJNI,0,1,1
libgdx,com.badlogic.gdx.physics.bullet.softbody.btSoftBodyHelpers,0,1,1
libgdx,com.badlogic.gdx.graphics.g2d.freetype.FreeTypeFontGenerator,0,1,1
libgdx,com.badlogic.gdx.tiledmappacker.TiledMapPacker,0,1,1
libgdx,com.badlogic.gdx.tools.bmfont.BitmapFontWriter,0,1,1
libgdx,com.badlogic.gdx.tools.flame.FlameMain,0,1,1
libgdx,com.badlogic.gdx.tools.hiero.Hiero,0,1,1
libgdx,com.badlogic.gdx.tools.texturepacker.TexturePackerFileProcessor,0,1,1
libgdx,com.badlogic.gdx.assets.AssetManager,0,1,1
libgdx,com.badlogic.gdx.graphics.GLTexture,0,1,1
libgdx,com.badlogic.gdx.graphics.g2d.BitmapFont,0,1,1
libgdx,com.badlogic.gdx.graphics.g2d.Gdx2DPixmap,0,1,1
libgdx,com.badlogic.gdx.graphics.g2d.ParticleEmitter,0,1,1
libgdx,com.badlogic.gdx.graphics.g2d.SpriteBatch,0,1,1
libgdx,com.badlogic.gdx.graphics.g3d.Model,0,1,1
libgdx,com.badlogic.gdx.graphics.g3d.loader.ObjLoader,0,1,1
libgdx,com.badlogic.gdx.graphics.g3d.utils.AnimationController,0,1,1
libgdx,com.badlogic.gdx.graphics.g3d.utils.MeshBuilder,0,1,1
libgdx,com.badlogic.gdx.graphics.glutils.GLFrameBuffer,0,1,1
libgdx,com.badlogic.gdx.graphics.glutils.KTXTextureData,0,1,1
libgdx,com.badlogic.gdx.graphics.glutils.ShapeRenderer,0,1,1
libgdx,com.badlogic.gdx.input.RemoteInput,0,1,1
libgdx,com.badlogic.gdx.maps.tiled.BaseTmxMapLoader,0,1,1
libgdx,com.badlogic.gdx.math.CatmullRomSpline,0,1,1
libgdx,com.badlogic.gdx.math.ConvexHull,0,1,1
libgdx,com.badlogic.gdx.math.Intersector,0,1,1
libgdx,com.badlogic.gdx.math.Vector2,0,1,1
libgdx,com.badlogic.gdx.math.Vector3,0,1,1
libgdx,com.badlogic.gdx.scenes.scene2d.actions.Actions,0,1,1
libgdx,com.badlogic.gdx.scenes.scene2d.ui.Button,0,1,1
libgdx,com.badlogic.gdx.scenes.scene2d.ui.Cell,0,1,1
libgdx,com.badlogic.gdx.scenes.scene2d.ui.Container,0,1,1
libgdx,com.badlogic.gdx.scenes.scene2d.ui.List,0,1,1
libgdx,com.badlogic.gdx.scenes.scene2d.ui.SelectBox,0,1,1
libgdx,com.badlogic.gdx.scenes.scene2d.ui.TextArea,0,1,1
libgdx,com.badlogic.gdx.scenes.scene2d.ui.TextField,0,1,1
libgdx,com.badlogic.gdx.scenes.scene2d.ui.Tree,0,1,1
libgdx,com.badlogic.gdx.scenes.scene2d.ui.Window,0,1,1
libgdx,com.badlogic.gdx.utils.Base64Coder,0,1,1
libgdx,com.badlogic.gdx.utils.BufferUtils,0,1,1
libgdx,com.badlogic.gdx.utils.JsonReader,0,1,1
libgdx,com.badlogic.gdx.utils.PropertiesUtils,0,1,1
libgdx,com.badlogic.gdx.utils.StringBuilder,0,1,1
libgdx,com.badlogic.gdx.utils.UBJsonWriter,0,1,1
libgdx,com.badlogic.gdx.utils.reflect.ClassReflection,0,1,1
libgdx,com.badlogic.gdx.utils.QueueTest,0,1,1
mapstruct,org.mapstruct.ap.internal.model.source.SourceMethod.Builder,1,0,1
mapstruct,org.mapstruct.ap.internal.model.BeanMappingMethod,1,1,0
mapstruct,org.mapstruct.ap.internal.processor.creation.MappingResolverImpl.ResolvingAttempt,1,0,1
mapstruct,org.mapstruct.ap.internal.model.PropertyMapping.PropertyMappingBuilder,1,0,1
mapstruct,org.mapstruct.ap.internal.model.source.MappingMethodOptions,1,1,1
mapstruct,org.mapstruct.ap.internal.processor.MethodRetrievalProcessor,1,1,1
mapstruct,org.mapstruct.ap.testutil.runner.CompilingExtension,1,1,1
mapstruct,org.mapstruct.ap.internal.model.source.SourceMethod,1,1,1
mapstruct,org.mapstruct.ap.internal.model.ForgedMethod,0,1,1
mapstruct,org.mapstruct.ap.internal.model.MethodReference,0,1,1
mapstruct,org.mapstruct.ap.internal.model.common.Type,0,1,1
mapstruct,org.mapstruct.ap.internal.model.common.TypeFactory,0,1,1
mapstruct,org.mapstruct.ap.internal.model.source.MappingOptions,0,1,1
mapstruct,org.mapstruct.ap.test.array.ScienceMapperImpl,1,1,0
mapstruct,org.mapstruct.ap.test.bugs._1685.UserMapperImpl,1,1,0
mapstruct,org.mapstruct.ap.test.nestedbeans.mixed.FishTankMapperImpl,1,1,0
mapstruct,org.mapstruct.ap.test.nestedtargetproperties.ChartEntryToArtistImpl,1,1,0
mapstruct,org.mapstruct.ap.internal.gem.MapMappingGem,0,1,1
mapstruct,org.mapstruct.ap.internal.gem.MapperConfigGem,0,1,1
mapstruct,org.mapstruct.ap.internal.gem.MapperGem,0,1,1
mapstruct,org.mapstruct.ap.internal.gem.MappingGem,0,1,1
mockserver,org.mockserver.client.MockServerClient,1,1,1
mockserver,org.mockserver.serialization.model.ExpectationDTO,1,0,1
mockserver,org.mockserver.validator.jsonschema.JsonSchemaValidator,1,1,1
mockserver,org.mockserver.serialization.RequestDefinitionSerializer,1,1,0
mockserver,org.mockserver.socket.tls.bouncycastle.BCKeyAndCertificateFactory,1,1,1
mockserver,org.mockserver.socket.tls.jdk.JDKKeyAndCertificateFactory,1,1,1
mockserver,org.mockserver.configuration.ConfigurationPropertiesTest,1,1,1
mockserver,org.mockserver.log.model.LogEntry,1,1,1
mockserver,org.mockserver.mock.HttpState,1,1,1
mockserver,org.mockserver.mock.Expectation,1,1,1
mockserver,org.mockserver.model.NottableString,1,1,1
mockserver,org.mockserver.matchers.HttpRequestPropertiesMatcher,1,1,1
mockserver,org.mockserver.netty.unification.PortUnificationHandler,1,1,1
mockserver,org.mockserver.configuration.ConfigurationProperties,0,1,1
mockserver,org.mockserver.openapi.examples.ExampleBuilder,0,1,1
mockserver,org.mockserver.serialization.deserializers.body.BodyDTODeserializer,0,1,1
mockserver,org.mockserver.serialization.deserializers.body.BodyWithContentTypeDTODeserializer,0,1,1
mockserver,org.mockserver.serialization.deserializers.body.StrictBodyDTODeserializer,0,1,1
mockserver,org.mockserver.collections.nottablestring.hashmap.NottableStringHashMapContainAllTest,0,1,1
mockserver,org.mockserver.collections.nottablestring.multimap.NottableStringMultiMapContainAllTest,0,1,1
mockserver,org.mockserver.matchers.HttpRequestPropertiesMatcherTest,0,1,1
mockserver,org.mockserver.serialization.deserializers.body.BodyDTODeserializerTest,0,1,1
mockserver,org.mockserver.testing.integration.mock.AbstractBasicMockingIntegrationTest,0,1,1
mockserver,org.mockserver.testing.integration.mock.AbstractExtendedMockingIntegrationTest,0,1,1
mockserver,org.mockserver.dashboard.DashboardWebSocketHandler,0,1,1
mybatis,org.apache.ibatis.mapping.CacheBuilder,1,1,1
mybatis,org.apache.ibatis.parsing.XNode,1,1,1
mybatis,org.apache.ibatis.session.Configuration,1,1,1
mybatis,org.apache.ibatis.datasource.unpooled.UnpooledDataSource,1,1,1
mybatis,org.apache.ibatis.builder.annotation.ProviderSqlSource,1,1,1
mybatis,org.apache.ibatis.executor.resultset.DefaultResultSetHandler,1,1,1
mybatis,org.apache.ibatis.reflection.Reflector,1,1,1
mybatis,org.apache.ibatis.builder.MapperBuilderAssistant,1,1,1
mybatis,org.apache.ibatis.session.defaults.DefaultSqlSession,1,1,1
mybatis,org.apache.ibatis.type.TypeHandlerRegistry,1,1,1
mybatis,org.apache.ibatis.domain.jpetstore.Order,1,1,1
mybatis,org.apache.ibatis.builder.xml.XMLMapperBuilder,1,1,1
mybatis,org.apache.ibatis.jdbc.ScriptRunner,1,1,1
mybatis,org.apache.ibatis.builder.annotation.MapperAnnotationBuilder,0,1,1
mybatis,org.apache.ibatis.builder.xml.XMLConfigBuilder,0,1,1
mybatis,org.apache.ibatis.datasource.pooled.PooledDataSource,0,1,1
mybatis,org.apache.ibatis.reflection.TypeParameterResolver,0,1,1
mybatis,org.apache.ibatis.session.SqlSessionManager,0,1,1
nanohttpd,org.nanohttpd.protocols.http.NanoHTTPD,1,1,1
nanohttpd,org.nanohttpd.protocols.http.response.Response,1,1,1
nanohttpd,org.nanohttpd.protocols.http.HTTPSession,1,1,1
nanohttpd,org.nanohttpd.webserver.SimpleWebServer,1,1,1
nanohttpd,org.nanohttpd.protocols.websockets.WebSocket,0,1,1
nanohttpd,org.nanohttpd.protocols.websockets.WebSocketFrame,0,1,1
netty,com.corundumstudio.socketio.namespace.Namespace,1,1,1
netty,com.corundumstudio.socketio.protocol.PacketDecoder,0,1,1
netty,com.corundumstudio.socketio.protocol.PacketEncoder,0,1,1
redisson,org.redisson.connection.balancer.LoadBalancerManager,1,1,1
redisson,org.redisson.client.handler.CommandDecoder,1,1,1
redisson,org.redisson.client.RedisConnection,1,1,1
redisson,org.redisson.config.Config,1,1,0
redisson,org.redisson.RedissonExecutorService,1,1,1
redisson,org.redisson.RedisRunner,1,1,1
redisson,org.redisson.RedissonLiveObjectService,1,1,1
redisson,org.redisson.connection.MasterSlaveConnectionManager,1,1,1
redisson,org.redisson.executor.CronExpression,1,1,1
redisson,org.redisson.tomcat.RedissonSessionManager,1,1,1
redisson,org.redisson.spring.data.connection.RedissonConnection,1,1,1
redisson,org.redisson.spring.data.connection.RedissonClusterConnection,1,1,1
redisson,org.redisson.RedissonBitSet,0,1,1
redisson,org.redisson.RedissonBoundedBlockingQueue,0,1,1
redisson,org.redisson.RedissonBucket,0,1,1
redisson,org.redisson.RedissonDelayedQueue,0,1,1
redisson,org.redisson.RedissonGeo,0,1,1
redisson,org.redisson.RedissonLexSortedSet,0,1,1
redisson,org.redisson.RedissonList,0,1,1
redisson,org.redisson.RedissonListMultimapValues,0,1,1
redisson,org.redisson.RedissonLock,0,1,1
redisson,org.redisson.RedissonMap,0,1,1
redisson,org.redisson.RedissonMapCache,0,1,1
redisson,org.redisson.RedissonMultiLock,0,1,1
redisson,org.redisson.RedissonObject,0,1,1
redisson,org.redisson.RedissonPermitExpirableSemaphore,0,1,1
redisson,org.redisson.RedissonPriorityBlockingDeque,0,1,1
redisson,org.redisson.RedissonPriorityQueue,0,1,1
redisson,org.redisson.RedissonScoredSortedSet,0,1,1
redisson,org.redisson.RedissonSemaphore,0,1,1
redisson,org.redisson.RedissonSet,0,1,1
redisson,org.redisson.RedissonSetCache,0,1,1
redisson,org.redisson.RedissonSetMultimapValues,0,1,1
redisson,org.redisson.RedissonSortedSet,0,1,1
redisson,org.redisson.RedissonStream,0,1,1
redisson,org.redisson.RedissonSubList,0,1,1
redisson,org.redisson.RedissonTimeSeries,0,1,1
redisson,org.redisson.RedissonTransferQueue,0,1,1
redisson,org.redisson.cache.AbstractCacheMap,0,1,1
redisson,org.redisson.client.handler.CommandPubSubDecoder,0,1,1
redisson,org.redisson.cluster.ClusterConnectionManager,0,1,1
redisson,org.redisson.command.CommandAsyncService,0,1,1
redisson,org.redisson.connection.SentinelConnectionManager,0,1,1
redisson,org.redisson.connection.pool.ConnectionPool,0,1,1
redisson,org.redisson.jcache.JCache,0,1,1
redisson,org.redisson.jcache.JCacheManager,0,1,1
redisson,org.redisson.liveobject.core.AccessorInterceptor,0,1,1
redisson,org.redisson.liveobject.misc.ClassUtils,0,1,1
redisson,org.redisson.redisnode.SentinelRedisNode,0,1,1
redisson,org.redisson.spring.support.RedissonNamespaceParserSupport,0,1,1
redisson,org.redisson.transaction.BaseTransactionalSet,0,1,1
redisson,org.redisson.BaseMapTest,0,1,1
redisson,org.redisson.RedissonBoundedBlockingQueueTest,0,1,1
redisson,org.redisson.RedissonFairLockTest,0,1,1
redisson,org.redisson.RedissonGeoTest,0,1,1
redisson,org.redisson.RedissonListTest,0,1,1
redisson,org.redisson.RedissonLiveObjectServiceTest,0,1,1
redisson,org.redisson.RedissonLocalCachedMapTest,0,1,1
redisson,org.redisson.RedissonMapCacheTest,0,1,1
redisson,org.redisson.RedissonRemoteServiceTest,0,1,1
redisson,org.redisson.RedissonScoredSortedSetTest,0,1,1
redisson,org.redisson.RedissonSetTest,0,1,1
redisson,org.redisson.RedissonTest,0,1,1
redisson,org.redisson.RedissonTopicTest,0,1,1
retrofit,retrofit.RestMethodInfo,1,1,0
shenyu,org.apache.shenyu.client.alibaba.dubbo.validation.AlibabaDubboClientValidator,0,1,1
shenyu,org.apache.shenyu.client.apache.dubbo.validation.ApacheDubboClientValidator,0,1,1
shopizer,com.salesmanager.core.business.modules.cms.product.aws.S3ProductContentFileManager,1,1,0
shopizer,com.salesmanager.core.model.shipping.ShippingConfiguration,0,1,1
shopizer,com.salesmanager.core.business.modules.integration.payment.impl.BeanStreamPayment,0,1,1
shopizer,com.salesmanager.core.business.modules.integration.payment.impl.Stripe3Payment,0,1,1
shopizer,com.salesmanager.core.business.services.content.ContentServiceImpl,0,1,1
shopizer,com.salesmanager.core.business.services.order.OrderServiceImpl,0,1,1
shopizer,com.salesmanager.core.business.services.payments.PaymentServiceImpl,0,1,1
shopizer,com.salesmanager.core.business.services.shipping.ShippingServiceImpl,0,1,1
shopizer,com.salesmanager.core.business.services.shoppingcart.ShoppingCartServiceImpl,0,1,1
shopizer,com.salesmanager.core.business.utils.ProductPriceUtils,0,1,1
shopizer,com.salesmanager.shop.admin.controller.categories.CategoryController,0,1,1
shopizer,com.salesmanager.shop.admin.controller.products.ManufacturerController,0,1,1
shopizer,com.salesmanager.shop.filter.StoreFilter,0,1,1
shopizer,com.salesmanager.shop.populator.catalog.PersistableProductPopulator,0,1,1
shopizer,com.salesmanager.shop.populator.catalog.ReadableProductPopulator,0,1,1
shopizer,com.salesmanager.shop.populator.customer.CustomerPopulator,0,1,1
shopizer,com.salesmanager.shop.store.controller.category.ShoppingCategoryController,0,1,1
shopizer,com.salesmanager.shop.store.controller.customer.facade.CustomerFacadeImpl,0,1,1
shopizer,com.salesmanager.shop.store.controller.order.facade.OrderFacadeImpl,0,1,1
shopizer,com.salesmanager.shop.store.controller.store.facade.StoreFacadeImpl,0,1,1
shopizer,com.salesmanager.shop.store.facade.content.ContentFacadeImpl,0,1,1
shopizer,com.salesmanager.shop.store.facade.product.ProductOptionFacadeImpl,0,1,1
shopizer,com.salesmanager.shop.store.facade.user.UserFacadeImpl,0,1,1
spark,spark.Service,1,1,1
spark,spark.Routable,0,1,1
vertx,io.vertx.core.net.NetTest.TLSTest,1,0,1
vertx,io.vertx.core.http.RequestOptions,1,1,1
vertx,io.vertx.core.net.impl.KeyStoreHelper,1,1,1
vertx,io.vertx.core.net.impl.SSLHelper,1,1,1
vertx,io.vertx.core.net.PemKeyCertOptions,1,1,0
vertx,io.vertx.core.http.impl.HttpClientResponseImpl,1,1,1
vertx,io.vertx.core.impl.VertxImpl,1,1,1
vertx,io.vertx.core.cli.impl.DefaultParser,1,0,1
vertx,io.vertx.core.impl.VertxBuilder,1,1,1
vertx,io.vertx.core.buffer.BufferTest,1,1,1
vertx,io.vertx.core.json.JsonObjectTest,1,1,1
vertx,io.vertx.core.http.impl.Http1xClientConnection,1,1,1
vertx,io.vertx.core.net.impl.ConnectionBase,1,1,1
vertx,io.vertx.core.file.impl.FileResolver,1,1,1
vertx,io.vertx.core.http.WebSocketTest,1,1,1
vertx,io.vertx.core.impl.HAManager,1,0,1
vertx,io.vertx.core.VertxOptionsConverter,0,1,1
vertx,io.vertx.core.eventbus.EventBusOptionsConverter,0,1,1
vertx,io.vertx.core.http.HttpClientOptionsConverter,0,1,1
vertx,io.vertx.core.http.HttpServerOptionsConverter,0,1,1
vertx,io.vertx.core.net.TCPSSLOptionsConverter,0,1,1
vertx,examples.CoreExamples,0,1,1
vertx,examples.HTTPExamples,0,1,1
vertx,examples.NetExamples,0,1,1
vertx,io.vertx.core.cli.UsageMessageFormatter,0,1,1
vertx,io.vertx.core.cli.impl.DefaultCommandLine,0,1,1
vertx,io.vertx.core.datagram.impl.DatagramSocketImpl,0,1,1
vertx,io.vertx.core.eventbus.impl.EventBusImpl,0,1,1
vertx,io.vertx.core.eventbus.impl.MessageConsumerImpl,0,1,1
vertx,io.vertx.core.eventbus.impl.clustered.ClusteredEventBus,0,1,1
vertx,io.vertx.core.file.impl.AsyncFileImpl,0,1,1
vertx,io.vertx.core.file.impl.FileSystemImpl,0,1,1
vertx,io.vertx.core.http.impl.Http1xServerConnection,0,1,1
vertx,io.vertx.core.http.impl.Http1xServerRequest,0,1,1
vertx,io.vertx.core.http.impl.Http2ConnectionBase,0,1,1
vertx,io.vertx.core.http.impl.Http2ServerRequest,0,1,1
vertx,io.vertx.core.http.impl.HttpClientImpl,0,1,1
vertx,io.vertx.core.http.impl.HttpClientRequestImpl,0,1,1
vertx,io.vertx.core.http.impl.HttpNetSocket,0,1,1
vertx,io.vertx.core.http.impl.HttpUtils,0,1,1
vertx,io.vertx.core.http.impl.VertxHttp2ConnectionHandler,0,1,1
vertx,io.vertx.core.http.impl.VertxHttp2Stream,0,1,1
vertx,io.vertx.core.http.impl.headers.HeadersMultiMap,0,1,1
vertx,io.vertx.core.impl.launcher.VertxCommandLauncher,0,1,1
vertx,io.vertx.core.impl.launcher.commands.BareCommand,0,1,1
vertx,io.vertx.core.impl.launcher.commands.RunCommand,0,1,1
vertx,io.vertx.core.json.jackson.JacksonCodec,0,1,1
vertx,io.vertx.core.logging.SLF4JLogDelegate,0,1,1
vertx,io.vertx.core.net.impl.NetSocketImpl,0,1,1
vertx,io.vertx.core.net.impl.transport.Transport,0,1,1
vertx,io.vertx.core.parsetools.impl.JsonParserImpl,0,1,1
vertx,io.vertx.core.parsetools.impl.RecordParserImpl,0,1,1
vertx,io.vertx.core.shareddata.impl.SharedDataImpl,0,1,1
vertx,io.vertx.core.CompositeFutureTest,0,1,1
vertx,io.vertx.core.ContextTest,0,1,1
vertx,io.vertx.core.DeploymentTest,0,1,1
vertx,io.vertx.core.FutureTest,0,1,1
vertx,io.vertx.core.LauncherTest,0,1,1
vertx,io.vertx.core.dns.HostnameResolutionTest,0,1,1
vertx,io.vertx.core.eventbus.EventBusTestBase,0,1,1
vertx,io.vertx.core.http.Http1xTest,0,1,1
vertx,io.vertx.core.http.Http2ClientTest,0,1,1
vertx,io.vertx.core.http.Http2ServerTest,0,1,1
vertx,io.vertx.core.http.HttpTLSTest,0,1,1
vertx,io.vertx.core.http.HttpTest,0,1,1
vertx,io.vertx.core.http.headers.HeadersTestBase,0,1,1
vertx,io.vertx.core.net.NetTest,0,1,1
vertx,io.vertx.core.shareddata.AsyncMapTest,0,1,1
vertx,io.vertx.core.spi.metrics.MetricsTest,0,1,1
vertx,io.vertx.test.core.AsyncTestBase,0,1,1
vertx,io.vertx.test.core.TestUtils,0,1,1
vertx,io.vertx.test.fakestream.FakeStream,0,1,1
webmagic,us.codecraft.webmagic.Site,1,1,1
webmagic,us.codecraft.webmagic.Spider,1,1,1
webmagic,us.codecraft.webmagic.model.PageModelExtractor,1,1,1
xdman,xdman.mediaconversion.FFmpeg,1,1,1
xdman,xdman.ui.components.MainWindow,1,1,1
xdman,xdman.ui.components.VideoConversionWnd,1,1,0
xdman,xdman.XDMApp,1,1,1
xdman,xdman.downloaders.metadata.manifests.F4MManifest,1,1,1
xdman,xdman.ui.components.SettingsPage,1,1,1
xdman,xdman.monitoring.MonitoringSession,1,1,1
xdman,xdman.Config,0,1,1
xdman,xdman.DownloadQueue,0,1,1
xdman,xdman.downloaders.Downloader,0,1,1
xdman,xdman.downloaders.SegmentDownloader,0,1,1
xdman,xdman.downloaders.SegmentImpl,0,1,1
xdman,xdman.downloaders.dash.DashDownloader,0,1,1
xdman,xdman.downloaders.hds.HdsDownloader,0,1,1
xdman,xdman.downloaders.hls.EncryptedHlsChannel,0,1,1
xdman,xdman.downloaders.hls.HlsDownloader,0,1,1
xdman,xdman.downloaders.hls.PlaylistParser,0,1,1
xdman,xdman.downloaders.http.HttpChannel,0,1,1
xdman,xdman.downloaders.metadata.HttpMetadata,0,1,1
xdman,xdman.monitoring.ParsedHookData,0,1,1
xdman,xdman.ui.components.VideoPopup,0,1,1
xdman,xdman.util.XDMUtils,0,1,1
xdman,xdman.videoparser.YdlResponse,0,1,1
zookeeper,org.apache.zookeeper.test.system.BaseSysTest,1,1,1
zookeeper,org.apache.jute.compiler.JRecord,1,1,1
zookeeper,org.apache.zookeeper.common.X509TestContext,1,1,1
zookeeper,org.apache.zookeeper.server.ZooKeeperServer,1,1,1
zookeeper,org.apache.zookeeper.ZKWatchManager,1,1,1
zookeeper,org.apache.zookeeper.server.persistence.TxnLogToolkit,1,1,1
zookeeper,org.apache.zookeeper.server.quorum.QuorumPeer,1,1,1
zookeeper,org.apache.zookeeper.test.StaticHostProviderTest,1,1,1
zookeeper,org.apache.zookeeper.server.quorum.QuorumCnxManager,1,1,1
zookeeper,org.apache.zookeeper.test.ClientBase,1,1,1
zookeeper,org.apache.zookeeper.test.ReconfigTest,1,1,1
zookeeper,org.apache.zookeeper.server.NettyServerCnxnFactory,1,1,1
zookeeper,org.apache.zookeeper.server.ServerCnxnFactory,1,1,1
zookeeper,org.apache.zookeeper.server.quorum.Leader,1,1,1
zookeeper,org.apache.zookeeper.server.quorum.QuorumPeerTestBase.MainThread,1,0,1
zookeeper,org.apache.zookeeper.ClientCnxnSocketNIO,1,1,1
zookeeper,org.apache.zookeeper.test.QuorumUtil,1,1,1
zookeeper,org.apache.zookeeper.common.X509Util,1,1,1
zookeeper,org.apache.zookeeper.server.quorum.LearnerHandler,1,1,1
zookeeper,org.apache.zookeeper.server.quorum.UnifiedServerSocket.UnifiedSocket,1,0,1
zookeeper,org.apache.zookeeper.ClientCnxn,1,1,1
zookeeper,org.apache.zookeeper.graph.RandomAccessFileReader,0,1,1
zookeeper,org.apache.jute.compiler.generated.Rcc,0,1,1
zookeeper,org.apache.zookeeper.ClientCnxnSocketNetty,0,1,1
zookeeper,org.apache.zookeeper.ZooKeeper,0,1,1
zookeeper,org.apache.zookeeper.ZooKeeperMain,0,1,1
zookeeper,org.apache.zookeeper.cli.SetQuotaCommand,0,1,1
zookeeper,org.apache.zookeeper.common.ZKHostnameVerifier,0,1,1
zookeeper,org.apache.zookeeper.server.DataTree,0,1,1
zookeeper,org.apache.zookeeper.server.NIOServerCnxn,0,1,1
zookeeper,org.apache.zookeeper.server.NIOServerCnxnFactory,0,1,1
zookeeper,org.apache.zookeeper.server.NettyServerCnxn,0,1,1
zookeeper,org.apache.zookeeper.server.Request,0,1,1
zookeeper,org.apache.zookeeper.server.ServerCnxn,0,1,1
zookeeper,org.apache.zookeeper.server.SessionTrackerImpl,0,1,1
zookeeper,org.apache.zookeeper.server.SnapshotComparer,0,1,1
zookeeper,org.apache.zookeeper.server.persistence.FileTxnLog,0,1,1
zookeeper,org.apache.zookeeper.server.quorum.CommitProcessor,0,1,1
zookeeper,org.apache.zookeeper.server.quorum.ObserverMaster,0,1,1
zookeeper,org.apache.zookeeper.server.quorum.QuorumPeerConfig,0,1,1
zookeeper,org.apache.zookeeper.ZooKeeperTest,0,1,1
zookeeper,org.apache.zookeeper.common.X509UtilTest,0,1,1
zookeeper,org.apache.zookeeper.server.quorum.QuorumPeerMainTest,0,1,1
zookeeper,org.apache.zookeeper.server.quorum.ReconfigRecoveryTest,0,1,1
zookeeper,org.apache.zookeeper.server.quorum.Zab1_0Test,0,1,1
zookeeper,org.apache.zookeeper.test.ClientTest,0,1,1
zookeeper,org.apache.zookeeper.test.QuorumBase,0,1,1
zookeeper,org.apache.zookeeper.test.QuorumBaseOracle_2Nodes,0,1,1
zookeeper,org.apache.zookeeper.test.ZooKeeperTestClient,0,1,1
